Workbook

Sheet Serviços
B2: Máquina virtual | C2: Função | D2: vCPU | E2: RAM (GB) | F2: Disco (GB) | G2: Observação
B5: SRV-AD01 | C5: Autenticação, DNS e DHCP | D5: 2 | E5: 4 | F5: 80 | G5: Todos os 50 usuários dependem dele
B6: SRV-ARQ01 | C6: Arquivos compartilhados e impressão | D6: 2 | E6: 4 | F6: 1000 | G6: ≈ 20 GB por funcionário
B7: SRV-GIT01 | C7: Repositório Git (código-fonte) | D7: 4 | E7: 8 | F7: 400 | G7: Equipe de 15 desenvolvedores/QA/Design
B8: SRV-DB01 | C8: Banco de dados (ERP e chamados) | D8: 4 | E8: 16 | F8: 300 | G8: Maior consumo de RAM
B9: SRV-APP01 | C9: ERP e sistema de chamados (aplicação) | D9: 4 | E9: 8 | F9: 200 | G9: Usado por Financeiro, Comercial e Suporte
B10: SRV-MON01 | C10: Monitoramento (rede, servidores e sensor) | D10: 2 | E10: 4 | F10: 100 | G10: Alertas para a TI
B11: Hipervisor (reserva do host) | C11: Sistema que roda as VMs | D11: 0 | E11: 8 | F11: 100 | G11: RAM e disco reservados ao próprio host
B12: TOTAL | D12: =SUM(D5:D11) -> 18 | E12: =SUM(E5:E11) -> 52 | F12: =SUM(F5:F11) -> 2180

Sheet RAID
B2: Nível | C2: Capacidade útil (TB) | D2: Falhas toleradas | E2: PERC H355 (RAID 0/1/10) | F2: PERC H755 (RAID 0/1/5/6/10) | G2: Comentário
B5: RAID 0 | C5: =F12*F13 -> 7.68 | D5: 0 | E5: Sim | F5: Sim | G5: Sem redundância: não serve para produção
B6: RAID 5 | C6: =(F12-1)*F13 -> 5.76 | D6: 1 | E6: Não | F6: Sim | G6: Reconstrução lenta e arriscada; escrita mais lenta para banco de dados
B7: RAID 6 | C7: =(F12-2)*F13 -> 3.84 | D7: 2 | E7: Não | F7: Sim | G7: Tolera 2 falhas, mas com 4 discos perde metade da capacidade
B8: RAID 10 | C8: =F12/2*F13 -> 3.84 | D8: 1 (garantida) | E8: Sim | F8: Sim | G8: Bom desempenho para banco e VMs; reconstrução rápida; controladora mais simples
B12: RAID escolhido | C12: RAID 10 | E12: Nº de discos | F12: 4
B13: Capacidade bruta (TB) | C13: =F12*F13 -> 7.68 | E13: Capacidade por disco (TB) | F13: 1.92
B14: Capacidade útil (TB) | C14: =F12/2*F13 -> 3.84
B15: Eficiência (útil ÷ bruta) | C15: =C14/C13 -> 0.5
B16: Útil como o sistema mostra (TiB) | C16: =C14*10^12/2^40 -> 3.4924597

Sheet Servidor
B2: Componente | C2: Especificação | D2: Status
B5: Modelo | C5: Dell PowerEdge R360, rack 1U, chassi com 8 baias de 2,5" hot-plug | D5: Confirmado
B6: Processador | C6: Intel Xeon E-2436 (6 núcleos / 12 threads, 2,9 GHz, 65 W) | D6: Confirmado
B7: Memória | C7: 2× 32 GB DDR5-4800 ECC UDIMM = 64 GB (4 slots no total; máximo de 128 GB) | D7: Confirmado
B8: Controladora RAID | C8: Dell PERC H355 (suporta RAID 0, 1 e 10) | D8: Confirmado
B9: Discos | C9: 4× SSD SATA 1,92 TB 2,5" hot-plug (Kingston DC600M SEDC600M/1920G) | D9: Confirmado
B10: Baias livres | C10: 4 de 8 (expansão de armazenamento sem trocar o servidor) | D10: Confirmado
B11: Fonte de energia | C11: 2× hot-swap redundantes (opções Dell: 600 W Platinum ou 700 W Titanium) | D11: Confirmado
B12: Rede | C12: Portas de rede integradas (quantidade e velocidade a confirmar), ligadas ao switch núcleo | D12: A confirmar
B14: Dimensionamento | C14: Valor | D14: Resultado
B17: Threads do processador | C17: 12
B18: vCPU alocadas (soma das VMs) | C18: =Serviços!D12 -> 18
B19: vCPU por thread | C19: =C18/C17 -> 1.5
B20: Limite adotado (vCPU por thread) | C20: 2 | D20: =IF(C19<=C20,"OK","REVISAR") -> OK
B21: RAM instalada (GB) | C21: 64
B22: RAM necessária (VMs + host, GB) | C22: =Serviços!E12 -> 52
B23: Folga de RAM (GB) | C23: =C21-C22 -> 12
B24: Folga de RAM (%) | C24: =C23/C21 -> 0.1875
B25: Reserva mínima adotada | C25: 0.15 | D25: =IF(C24>=C25,"OK","REVISAR") -> OK
B26: Disco necessário hoje (GB) | C26: =Serviços!F12 -> 2180
B27: Crescimento previsto | C27: 0.3
B28: Disco necessário com crescimento (GB) | C28: =C26*(1+C27) -> 2834
B29: Capacidade útil do RAID (GB) | C29: =RAID!C14*1000 -> 3840
B30: Uso da capacidade após crescimento | C30: =C28/C29 -> 0.73802083 | D30: =IF(C28<=C29,"OK","REVISAR") -> OK

Sheet Backup (NAS)
B2: Dados protegidos (TB) | C2: =Serviços!F12/1000 -> 2.18
B3: Variação diária de dados | C3: 0.03
B4: Retenção (dias) | C4: 30
B5: Crescimento previsto | C5: 0.3
B6: Backup completo (TB) | C6: =C2 -> 2.18
B7: Incrementais acumulados (TB) | C7: =C2*C3*C4 -> 1.962
B8: Total sem crescimento (TB) | C8: =C6+C7 -> 4.142
B9: Total com crescimento (TB) | C9: =C8*(1+C5) -> 5.3846
B10: Nº de discos do NAS | C10: 2
B11: Capacidade por disco (TB) | C11: 8
B12: Capacidade útil em RAID 1 (TB) | C12: =C11 -> 8
B13: Uso após crescimento | C13: =C9/C12 -> 0.673075
B14: Resultado | C14: =IF(C9<=C12,"OK: cabe no NAS","INSUFICIENTE") -> OK: cabe no NAS
B16: Equipamento | C16: NAS de 2 baias (Synology DS224+) com 2× Seagate IronWolf 8 TB (ST8000VN004) em RAID 1
B17: Status | C17: Confirmado

Sheet Energia
B2: Equipamento | C2: Potência estimada (W) | D2: Qtd | E2: Subtotal (W)
B5: Servidor Dell PowerEdge R360 | C5: 250 | D5: 1 | E5: =C5*D5 -> 250
B6: NAS de backup | C6: 40 | D6: 1 | E6: =C6*D6 -> 40
B7: Firewall | C7: 40 | D7: 1 | E7: =C7*D7 -> 40
B8: Switch núcleo | C8: 100 | D8: 1 | E8: =C8*D8 -> 100
B9: TOTAL | E9: =SUM(E5:E8) -> 430
B11: Margem de segurança | C11: 0.3
B12: Potência com margem (W) | C12: =E9*(1+C11) -> 559
B13: Fator de potência adotado | C13: 0.9
B14: Potência aparente necessária (VA) | C14: =C12/C13 -> 621.11111
B15: Nobreak escolhido | C15: APC Smart-UPS RT SURTA1500XL-BR (1500 VA / 1050 W, dupla conversão online, torre)
B16: Capacidade do nobreak (W) | C16: 1050
B17: Capacidade do nobreak (VA) | C17: 1500
B18: Carga real sobre o nobreak | C18: =E9/C16 -> 0.40952381
B19: Capacidade suficiente? (W e VA) | C19: =IF(AND(C12<=C16,C14<=C17),"OK","REVISAR") -> OK
B20: Autonomia de referência do fabricante | C20: ≈ 22,2 min com 525 W e ≈ 8,6 min com 1050 W (valores típicos do fabricante)
B21: Autonomia estimada na carga real | C21: =IF(E9<=525,"mais de 22 min (carga abaixo de 525 W)","entre 8 e 22 min") -> mais de 22 min (carga abaixo de 525 W)
B22: Autonomia mínima desejada (min) | C22: 10
B23: Atende ao desligamento seguro? | C23: =IF(E9<=525,"OK","CONFERIR NA CURVA DO FABRICANTE") -> OK
B25: Status do modelo | C25: Confirmado

Sheet Fontes
B2: Item | C2: URL | D2: Data da consulta | E2: Observação
B5: Dell PowerEdge R360 (análise técnica) | C5: https://www.storagereview.com/review/dell-poweredge-r360-server-review | D5: 02/10/2026 | E5: 1U, Xeon E-2400 com até 8 núcleos, DDR5, PERC H355/H755
B6: Dell PowerEdge R360 (chassi, memória, fontes) | C6: https://s2.thegioimaychu.vn/may-chu-dell-poweredge-r360-8x2-5-basic-tm9601.html | D6: 02/10/2026 | E6: 4 slots DDR5 ECC, até 128 GB, 8 baias de 2,5", fontes redundantes
B7: Xeon E-2436 e PERC H355 (RAID 0/1/10) | C7: https://www.quickserv.co.th/server/DELL-EMC/Rack-1U-:-Single-Socket/detail/Dell-PowerEdge-R360/SNSR36018.html | D7: 02/10/2026 | E7: E-2436: 6 núcleos/12 threads, 65 W, H755 suporta RAID 5/6
B8: APC SURTA1500XL (ficha: 1500 VA / 1050 W, dupla conversão online) | C8: https://icecat.fr/amp/p/vendorName/mpn/desc-1112790.html | D8: 12/10/2026 | E8: Ficha de catálogo (Icecat)
B9: APC SURTA1500XL (autonomia: 22,2 min a 525 W, 8,6 min a 1050 W) | C9: https://ubbthreads.com/store/item/APC-Smart-UPS-RT-1500VA-1050W-Tower-Double-Conversion-Online-SURTA1500XL-Re-_354540225141.html | D9: 12/10/2026 | E9: Valores típicos do fabricante em loja de revenda
B10: Memória ECC UDIMM 32 GB DDR5-4800 (Kabum) | C10: https://www.kabum.com.br/produto/1070303/memoria-32gb-ddr5-para-dell-t160-r260-t360-r360 | D10: 13/10/2026 | E10: Ficha: ECC UDIMM, DDR5-4800, 1 módulo por compra
B11: Dell PowerEdge R360 (página da Dell) | C11: https://www.dell.com/pt-br/shop/servidores-armazenamento-rede/poweredge-r360/spd/poweredge-r360/pe_r360_18250 | D11: 06/10/2026 | E11: Configuração e preço do Orçamento
