Workbook

Sheet Empresa
A1: Ficha da empresa
A5: Nome | D5: LeiteTech Soluções (empresa fictícia)
A8: Ramo | D8: Desenvolvimento de software sob medida e suporte técnico a clientes
A11: Produtos/serviços | D11: Sistemas web e mobile para clientes; contratos de suporte e manutenção
A14: Horário de funcionamento | D14: Segunda a sexta, 08h às 18h (suporte com plantão remoto)
A17: Cenário escolhido | D17: B — prédio único com 4 andares
A20: Total de funcionários | D20: =Levantamento!C28 -> 50
A23: Papel da tecnologia | D23: Todo o trabalho depende de computadores, servidores (repositórios Git, arquivos, banco, chamados), rede cabeada/Wi-Fi e Internet. Um monitor de temperatura protege a sala de servidores.
A26: Situação de IoT | D26: Sensor TMP36 + Arduino na sala de servidores (4º andar) com LEDs verde/amarelo/vermelho.

Sheet Levantamento
A1: LeiteTech Soluções — Levantamento de necessidades (tabela-mestra)
A4: Cenário B: prédio único com 4 andares | Horário: seg–sex, 08h–18h | Ramo: desenvolvimento de software e suporte técnico a clientes
A6: Andar | B6: Departamento | C6: Funcionários | D6: Função principal | E6: Aplicações utilizadas | F6: Desktops | G6: Notebooks | H6: Postos (calc.) | I6: Periféricos / recursos | J6: Necessidade de desempenho | K6: Perfil (provisório) | L6: Conferência
A8: 1º | B8: Recepção | C8: 3 | D8: Atendimento a visitantes e clientes, triagem de chamados | E8: Navegador, Office, sistema de chamados, videoconferência | F8: 3 | G8: 0 | H8: =F8+G8 -> 3 | I8: Monitor, teclado, mouse, headset, impressora compartilhada | J8: Baixa | K8: PERFIL-OPE | L8: =IF(C8=H8,"OK","DIFERENTE") -> OK
A10: 1º | B10: Operações/Suporte | C10: 7 | D10: Suporte técnico de 1º nível aos clientes | E10: Navegador, sistema de chamados (helpdesk), acesso remoto, Office | F10: 7 | G10: 0 | H10: =F10+G10 -> 7 | I10: Monitor, teclado, mouse, headset | J10: Média | K10: PERFIL-OPE | L10: =IF(C10=H10,"OK","DIFERENTE") -> OK
A12: 2º | B12: Financeiro | C12: 5 | D12: Contas a pagar/receber, faturamento | E12: ERP, planilhas, navegador, e-mail | F12: 5 | G12: 0 | H12: =F12+G12 -> 5 | I12: Monitor, teclado, mouse, impressora compartilhada | J12: Média | K12: PERFIL-ADM | L12: =IF(C12=H12,"OK","DIFERENTE") -> OK
A14: 2º | B14: RH | C14: 4 | D14: Folha, admissão/demissão, benefícios | E14: Sistema de RH/folha, Office, videoconferência | F14: 3 | G14: 1 | H14: =F14+G14 -> 4 | I14: Monitor, teclado, mouse, webcam | J14: Média | K14: PERFIL-ADM | L14: =IF(C14=H14,"OK","DIFERENTE") -> OK
A16: 2º | B16: Comercial | C16: 6 | D16: Vendas, propostas e relacionamento com clientes | E16: CRM, Office, videoconferência, navegador | F16: 2 | G16: 4 | H16: =F16+G16 -> 6 | I16: Monitor, teclado, mouse, headset (notebooks para reuniões externas) | J16: Média | K16: PERFIL-ADM | L16: =IF(C16=H16,"OK","DIFERENTE") -> OK
A18: 3º | B18: Desenvolvimento | C18: 11 | D18: Programação, versionamento, testes e deploy | E18: IDEs, Git, Docker, máquinas virtuais, banco de dados local | F18: 11 | G18: 0 | H18: =F18+G18 -> 11 | I18: 2 monitores, teclado, mouse | J18: Alta | K18: PERFIL-ESP | L18: =IF(C18=H18,"OK","DIFERENTE") -> OK
A20: 3º | B20: Gerência de Projetos | C20: 1 | D20: Planejamento e acompanhamento de projetos, prazos e equipes de desenvolvimento | E20: Ferramenta de gestão de projetos (Jira/Trello), Office, videoconferência, navegador, e-mail | F20: 1 | G20: 0 | H20: =F20+G20 -> 1 | I20: Monitor, teclado, mouse, webcam, headset | J20: Média | K20: PERFIL-ADM | L20: =IF(C20=H20,"OK","DIFERENTE") -> OK
A22: 3º | B22: QA e Design | C22: 3 | D22: Testes de qualidade e interfaces gráficas | E22: Ferramentas de teste, edição gráfica, navegadores | F22: 3 | G22: 0 | H22: =F22+G22 -> 3 | I22: 2 monitores, teclado, mouse, mesa digitalizadora (Design) | J22: Alta | K22: PERFIL-ESP | L22: =IF(C22=H22,"OK","DIFERENTE") -> OK
A24: 4º | B24: TI / Infraestrutura | C24: 6 | D24: Administração de servidores, rede, segurança e backup | E24: Consoles de administração, virtualização, monitoramento, terminal SSH | F24: 5 | G24: 1 | H24: =F24+G24 -> 6 | I24: 2 monitores, teclado, mouse; sala de servidores com rack | J24: Alta | K24: PERFIL-ESP | L24: =IF(C24=H24,"OK","DIFERENTE") -> OK
A26: 4º | B26: Diretoria | C26: 4 | D26: Gestão, decisões estratégicas, reuniões | E26: Office, ERP (consulta), videoconferência, BI | F26: 0 | G26: 4 | H26: =F26+G26 -> 4 | I26: Monitor externo, teclado, mouse, webcam | J26: Média | K26: PERFIL-ADM | L26: =IF(C26=H26,"OK","DIFERENTE") -> OK
B28: TOTAL | C28: =SUM(C8:C27) -> 50 | F28: =SUM(F8:F27) -> 40 | G28: =SUM(G8:G27) -> 10 | H28: =SUM(H8:H27) -> 50 | L28: =IF(AND(C28>=50,C28=H28),"OK","REVISAR") -> OK

Sheet Resumo
A1: RESUMO GERAL
A5: POR ANDAR
A7: Andar | F7: Funcionários | K7: Desktops | P7: Notebooks | U7: Postos
A8: 1 | F8: =SUMIFS(Levantamento!C8:C27,Levantamento!A8:A27,Levantamento!A8) -> 10 | K8: =SUMIFS(Levantamento!F8:F27,Levantamento!A8:A27,Levantamento!A8) -> 10 | P8: =SUMIFS(Levantamento!G8:G27,Levantamento!A8:A27,Levantamento!A8) -> 0 | U8: =SUMIFS(Levantamento!H8:H27,Levantamento!A8:A27,Levantamento!A8) -> 10
A9: 2 | F9: =SUMIFS(Levantamento!C8:C27,Levantamento!A8:A27,Levantamento!A12) -> 15 | K9: =SUMIFS(Levantamento!F8:F27,Levantamento!A8:A27,Levantamento!A12) -> 10 | P9: =SUMIFS(Levantamento!G8:G27,Levantamento!A8:A27,Levantamento!A16) -> 5 | U9: =SUMIFS(Levantamento!H8:H27,Levantamento!A8:A27,Levantamento!A12) -> 15
A10: 3 | F10: =SUMIFS(Levantamento!C8:C27,Levantamento!A8:A27,Levantamento!A18) -> 15 | K10: =SUMIFS(Levantamento!F8:F27,Levantamento!A8:A27,Levantamento!A18) -> 15 | P10: =SUMIFS(Levantamento!G8:G27,Levantamento!A8:A27,Levantamento!A18) -> 0 | U10: =SUMIFS(Levantamento!H8:H27,Levantamento!A8:A27,Levantamento!A18) -> 15
A11: 4 | F11: =SUMIFS(Levantamento!C8:C27,Levantamento!A8:A27,Levantamento!A24) -> 10 | K11: =SUMIFS(Levantamento!F8:F27,Levantamento!A8:A27,Levantamento!A24) -> 5 | P11: =SUMIFS(Levantamento!G8:G27,Levantamento!A8:A27,Levantamento!A24) -> 5 | U11: =SUMIFS(Levantamento!H8:H27,Levantamento!A8:A27,Levantamento!A24) -> 10
A12: TOTAL | F12: =SUM(F8:J11) -> 50 | K12: =SUM(K8:O11) -> 40 | P12: =SUM(P8:T11) -> 10 | U12: =SUM(U8:Y11) -> 50
A14: Por perfil
A16: Perfil | F16: Funcionários | K16: Desktops | P16: Notebooks | U16: Postos
A17: PERFIL-OPE | F17: =SUMIFS(Levantamento!C8:C27,Levantamento!K8:K27,Resumo!A17) -> 10 | K17: =SUMIFS(Levantamento!F8:F27,Levantamento!K8:K27,Resumo!A17) -> 10 | P17: =SUMIFS(Levantamento!G8:G27,Levantamento!K8:K27,Resumo!A17) -> 0 | U17: =SUMIFS(Levantamento!H8:H27,Levantamento!K8:K27,Resumo!A17) -> 10
A18: PERFIL-ADM | F18: =SUMIFS(Levantamento!C8:C27,Levantamento!K8:K27,Resumo!A18) -> 20 | K18: =SUMIFS(Levantamento!F8:F27,Levantamento!K8:K27,Resumo!A18) -> 11 | P18: =SUMIFS(Levantamento!G8:G27,Levantamento!K8:K27,Resumo!A18) -> 9 | U18: =SUMIFS(Levantamento!H8:H27,Levantamento!K8:K27,Resumo!A18) -> 20
A19: PERFIL-ESP | F19: =SUMIFS(Levantamento!C8:C27,Levantamento!K8:K27,Resumo!A19) -> 20 | K19: =SUMIFS(Levantamento!F8:F27,Levantamento!K8:K27,Resumo!A19) -> 19 | P19: =SUMIFS(Levantamento!G8:G27,Levantamento!K8:K27,Resumo!A19) -> 1 | U19: =SUMIFS(Levantamento!H8:H27,Levantamento!K8:K27,Resumo!A19) -> 20
A20: TOTAL | F20: =SUM(F17:J19) -> 50 | K20: =SUM(K17:O19) -> 40 | P20: =SUM(P17:T19) -> 10 | U20: =SUM(U17:Y19) -> 50
